{"cameraMode":{"drawMode":0,"name":"Shaded","section":"Shading Mode"},"sceneLighting":true,"audioPlay":false,"sceneViewState":{"showFog":false,"showMaterialUpdate":false,"showSkybox":false,"showFlares":false,"showImageEffects":false,"showParticleSystems":false},"in2DMode":false,"pivot":{"x":2.7497730255126955,"y":2.6069929599761965,"z":-188.73410034179688},"rotation":{"x":0.32996106147766116,"y":-0.515485942363739,"z":0.2242949903011322,"w":0.7583597898483276},"size":582.6926879882813,"orthographic":false}