{"cameraMode":{"drawMode":0,"name":"Shaded","section":"Shading Mode"},"sceneLighting":true,"audioPlay":false,"sceneViewState":{"showFog":true,"showMaterialUpdate":false,"showSkybox":true,"showFlares":true,"showImageEffects":true,"showParticleSystems":true},"in2DMode":false,"pivot":{"x":-3.9042415618896486,"y":4.99993896484375,"z":1.8719563484191895},"rotation":{"x":0.08172895759344101,"y":-0.24007341265678407,"z":0.020297493785619737,"w":0.9671114087104797},"size":3.0761518478393556,"orthographic":false}