{"cameraMode":{"drawMode":0,"name":"Shaded","section":"Shading Mode"},"sceneLighting":true,"audioPlay":false,"sceneViewState":{"showFog":true,"showMaterialUpdate":false,"showSkybox":true,"showFlares":true,"showImageEffects":true,"showParticleSystems":true},"in2DMode":false,"pivot":{"x":2.000572919845581,"y":2.7027738094329836,"z":0.3186991810798645},"rotation":{"x":-0.09370320290327072,"y":0.5659340023994446,"z":-0.06505075842142105,"w":-0.8165987730026245},"size":13.487418174743653,"orthographic":false}